choice_id,scene_id,choice_text,next_dialogue_id,is_correct
choice_airi_stage1_1_1,stage1,部屋を詳しく調べてみよう,airi_4,true
choice_airi_stage1_1_2,stage1,とりあえず体を確認してみよう,airi_8,true
choice_airi_stage1_1_3,stage1,携帯電話をチェックしよう,airi_8,true
choice_kaho_stage1_1_1,stage1,スポーツ理論を調べてみよう,kaho_8,true
choice_kaho_stage1_1_2,stage1,体の柔軟性をチェックしてみよう,kaho_12,true
choice_kaho_stage1_1_3,stage1,携帯電話をチェックしよう,kaho_12,true
choice_mitsuki_stage1_1_1,stage1,学級日誌を詳しく見てみよう,mitsuki_8,true
choice_mitsuki_stage1_1_2,stage1,メガネを外してみよう,mitsuki_12,true
choice_mitsuki_stage1_1_3,stage1,携帯電話をチェックしよう,mitsuki_12,true
choice_misaki_stage1_1_1,stage1,部屋を詳しく調べてみよう,misaki_8,true
choice_misaki_stage1_1_2,stage1,体を確認してみよう,misaki_12,true
choice_misaki_stage1_1_3,stage1,携帯電話をチェックしよう,misaki_12,true
